boletim_id,bidding_id,edital,data_abertura,valor_estimado,cidade,estado,descricao,situacao,prazo,data_coleta
135415154,18519610,SM/16/2025,,"R$ 3.320.043,00",Cláudio,MG,"CREDENCIAMENTO DE ESPECIALIDADES MÉDICAS DO CENTRO DE SAUDE GALBA VELOSO, CONFORME CONDIÇÕES E ESPECIFICAÇÕES CONTIDAS NO TERMO DE REFERÊNCIA - ANEXO I, PARTE INTEGRANTE E INSEPARÁVEL DESTE EDITAL. 1 - PEQUENAS CIRURGIAS AMBULATORIAIS  2 - CIRURGIAO GERAL  3 - GINECOLOGIA/OBSTETRÍCIA  4 - PROCEDIMENTOS GINECOLOGICOS AMBULATORIAIS  5 - PEDIATRIA  6 - CARDIOLOGIA  7 - ANGIOLOGIA  8 - ORTOPEDIA  9 - ANESTESIA  10 - ENDOCRINOLOGIA  11 - PSIQUIATRIA  12 - PSIQUIATRIA COM ORDEM JUDICIAL  13 - OTORRINO  14 - NEUROLOGIA  15 - NEUROLOGIA INFANTIL  16 - PNEUMOLOGIA  17 - CONSULTAS DERMATOLOGIA  18 - HEMATOLOGIA  19 - UROLOGIA  20 - REUMATOLOGIA  21 - AVALIAÇÃO MEDICA ESPECIALISTA ASSISTENCIA DOMICILIAR  ",Erro na consulta,,02/01/2026 16:27:26
135415154,18520375,DL/27/2025,,,Igarapava,SP,"Contratação de empresa especializada para prestação de serviços de saúde e segurança do trabalho SST, para elaboração do PGR Programa de Gerenciamento de Riscos, LTCAT Laudo Técnico das Condições Ambientais de Trabalho, PCMSO Programa de Controle Médico de Saúde Ocupacional, LIP Individual Laudo de Insalubridade e Periculosidade. ",NORMAL,,02/01/2026 16:27:42
135415154,18520397,SM/1/2026,,,Medeiros Neto,BA,Credenciamento de pessoas físicas e jurídicas para a prestação de serviços de médicos plantonistas no hospital municipal de Medeiros Neto - BA. ,NORMAL,,02/01/2026 16:27:57
135415154,18520398,SM/1/2026,,"R$ 11.318.178,05",Lapão,BA,"Credenciamento de pessoas físicas e/ou jurídicas para prestação de serviços médicos de apoio, controle e assistência na área de saúde, visando o atendimento da população nas Unidades da Rede Pública de Saúde do município de Lapão-BA. ",URGENTE,05/01/2026 08:01,02/01/2026 16:28:18
135415154,18519457,SM/5/2025,,"R$ 13.429.500,00",Cariacica,ES,"SERVIÇOS DE TELECONSULTAS MÉDICAS NA ATENÇÃO AMBULATORIAL ESPECIALIZADA, PARA REGIÃO METROPOLITANA DO ESTADO DO ESPIRITO SANTO, REFERENTE AO EDITAL DE CREDENCIAMENTO SESA/SRSV/NRA N 005/2025 1 - Consulta médica - neuropediatra Consulta médica - neuropediatra  2 - Consulta Médica - Psiquiatria Consulta Médica - Psiquiatria  3 - Consulta médica - neurologia Consulta médica - neurologia  4 - Consulta médica - endocrinologia Consulta médica - endocrinologia  5 - Consulta médica - cardiologia / angiologia Consulta médica - cardiologia / angiologia  6 - Consulta médica - otorrinolaringologia  ouvido  Consulta médica - otorrinolaringologia  ouvido   7 - Consulta médica - gastroenterologia Consulta médica - gastroenterologia  8 - Consulta médica - reumatologia Consulta médica - reumatologia  9 - Consulta médica - pneumologia Consulta médica - pneumologia  10 - Consulta Médica - Cardiologia / Angiologia Consulta Médica - Cardiologia / Angiologia  11 - Dermatologia clínico / cirúrgica - cirurgia Dermatologia clínico / cirúrgica - cirurgia  12 - Exame urológico Exame urológico  ",URGENTE,05/01/2026 08:01,02/01/2026 16:28:39
135415154,18519772,SM/1/2026,,"R$ 27.029.162,00",Sítio D'Abadia,GO,"Credenciamento de interessados em prestar serviços de saúde, abrangendo atendimentos médicos, ambulatoriais, hospitalares, exames laboratoriais e de imagem, bem como outros procedimentos necessários para atender às demandas da população. 1 - ÁCIDO FÓLICO  2 - ÁCIDO ÚRICO  3 - ALUMINIO CERICO  4 - AMILASE  5 - ANGIOTOMOGRAFIA ARTERIAL DE MEMBRO INFERIOR  6 - ANGIOTOMOGRAFIA ARTERIAL DE PELVE  7 - ANGIOTOMOGRAFIA ARTERIAL DE TORAX  8 - ANGIOTOMOGRAFIA ARTERIAL PESCOÇO  9 - ANGIOTOMOGRAFIA CAROTIDAS  10 - ANGIOTOMOGRAFIA VENOSA DE ABDOME SUPERIOR  11 - ANGIOTOMOGRAFIA VENOSA DE AORTA ABDOMINAL  12 - ANGIOTOMOGRAFIA VENOSA DE AORTA TORACICA  13 - ANGIOTOMOGRAFIA VENOSA DE CRÂNIO  14 - ANGIOTOMOGRAFIA VENOSA DA PELVE  15 - ANGIOTOMOGRAFIA VENOSA DE PESCOÇO  16 - ANGIOTOMOGRAFIA VENOSA PULMONAR  17 - ANGIOTOMOGRAFIA VENOSA DE TORAX  18 - ASO  19 - AUDIOMETRIA TONAL LIMIAR COM TESTE  20 - BAAR  21 - BETA HCG  22 - BILIRRUBINAS T E FR  23 - BIOMETRIA ULTRASSONICA-MONOCULAR  24 - BIOPSIA  25 - BIOPSIA DE ENDOSCOPIA  26 - CALCIO  27 - CAMPIMETRIA COMPUTADORIZADA-MONOCULAR  28 - CERASTOCOPIA COMPUTADORIZADA-MONOCULAR  29 - CHAGAS HI  30 - CITOMEGALOVÍRUS  31 - CK-NAC  32 - CLORO  33 - COAGULOGRAMA COMPLETO  34 - COLESTEROL TOTAL  35 - CONSULTA ANGIOLOGISTA  36 - CONSULTA CARDIOLOGISTA  37 - CONSULTA CLINICA  38 - CONSULTA EMDOCRINOLOGIA  39 - CONSULTA FISIOTERAPIA  40 - CONSULTA GINECOLOGISTA  41 - CONSULTA NEOROLOGISTA  42 - CONSULTA NEUROPSICOLOGIA  43 - CONSULTA NUTRICIONISTA  44 - CONSULTA OFTALMOLOGISTA  45 - CONSULTA ORTOPEDISTA  46 - CONSULTA OTORRINOLARINGOLOGIA  47 - CONSULTA PEDIATRA  48 - CONSULTA PNEUMOLOGISTA  49 - CONSULTA PODOLOGA  50 - CONSULTA PREVENTIVA EM AMAMENTAÇÃO  51 - CONSULTA PSICOLOGA  52 - CONSULTA PSIQUIATRA  53 - CONSULTA UROLOGISTA  54 - CONTRASTE DE TOMOGRAFIA  55 - CONTRASTE RESSONÂNCIA MAGNÉTICA  56 - COOMS DIRETO  57 - COOMBS INDIRETO  58 - CREATINA QUINASE MB  59 - CREATININA  60 - CULTURA ANTIBIO  61 - CURVA TENSIONAL  62 - DENGUE NS1  63 - DIMERO D  64 - EAS URINA  65 - ECG COM LAUDO  66 - ECOCARDIOGRAMA  67 - ECOGRAFIA DOPPLER D EMEMBRO INFERIOR VENOSO E ARTERIAL  68 - ECOGRAFIA DOPPLER DE CARÓTIDA  69 - ELETROCARDIOGRAMA  70 - ELETROENCEFALOGRAMA  71 - ESPIROMETRIA  72 - STRADIOL  73 - FAOR REUMATOIDE  74 - FERRO  75 - FOSFATASE ALCALINA  76 - FOSFORO  77 - GAMA GT  78 - GLICEMIA  79 - HBC  80 - HBSAG  81 - HCV  82 - HEMOGLOBINA GLICADA  83 - HEMOGRAMA  84 - HIV 1 E 2  85 - HOLTER 24 HORAS  86 - HORMONIO LH  87 - IMPEDANCIOMETRIA  88 - LIPASE  89 - LIPIDOGRAMA  90 - MAGNÉSIO  91 - MAPA 24 HORAS  92 - MAPEAMENTO  93 - MICROSCOPIA ESPECULAR DE CORNEA  94 - MORFOLÓGICA  95 - OBSTÉTRICA MORFOLÓGICA 1° TRIMESTRE  96 - OTOEMISSÕES TESTE DA ORELHINHA E OLHINHO  97 - PAQUIMETRIA ULTRASSONICA  98 - PARASITOLOGICO EPF  99 - PARATORMÔNIO  100 - POTÁSSIO  101 - PROGESTERONA  102 - PROTEINA C REATIVA  103 - PROTEINA URINARIA 24  104 - PROTEÍNAS TOTAOIS E F  105 - PROVA DO LAÇO  106 - PSA  107 - RADIOGRAFIA A.C.F. QUADRIL  108 - RADIOGRAFIA ABDÔMEN SIMPLES  109 - RADIOGRAFIA ANTEBRAÇO AP PERFIL  110 - RADIOGRAFIA ART. ACRÔMIO CLAVICULAR  111 - RADIOGRAFIA ART. SACRO ILÍACA  112 - RADIOGRAFIA BACIA  113 - RADIOGRAFIA BRAÇO AP. PERFIL ÚMERO  114 - RADIOGRAFIA CALCÂNEO  115 - RADIOGRAFIA CAVUM LAT. HIRTZ  116 - RADIOGRAFIA CLAVÍCULA AP  117 - RADIOGRAFIA COLUNA CERVICAL AP. PERFIL  118 - RADIOGRAFIA COLUNA DORSAL AP. PERFIL  119 - RADIOGRAFIA COLUNA LOMBAR AP. PERFIL  120 - RADIOGRAFIA COLUNA LOMBAR AP. P. OBLÍQUOAS L5-S1  121 - RADIOGRAFIA COLUNA SACRO - COXIS  122 - RADIOGRAFIA COLUNA TOTAL  123 - RADIOGRAFIA COSTELAS ARCOS - COSTAIS  124 - RADIOGRAFIA COTOVELO AP. PERFIL  125 - RADIOGRAFIA COXA AP. PERFIL FÊMUR  126 - RADIOGRAFIA CRÂNIO AP. PERFIL  127 - RADIOGRAFIA ESCANOMETRIA  128 - RADIOGRAFIA ESTERNO  129 - RADIOGRAFIA JOELHO AP. PERFIL  130 - RADIOGRAFIA JOELHO COM CARGA  131 - RADIOGRAFIA MANDÍBULA AP. P  132 - RADIOGRAFIA MÃOS AP. O QUIRODÁCTILOS  133 - RADIOGRAFIA MÃOS E PUNHOS PARA IDADE ÓSSEA  134 - RADIOGRAFIA OMBRO AP. ESCÁPULO UMERAL  135 - RADIOGRAFIA OMBRO AP. /PERFIL/AXIAL OMOPLATA  136 - RADIOGRAFIA ÓRBITA  137 - RADIOGRAFIA PANORÂMICA DE MEMBROS INFERIORES  138 - RADIOGRAFIA PÉ AP / OBLIQUAS  139 - RADIOGRAFIA PERNA AP / PERFIL  140 - RADIOGRAFIA PUNHO AP / PERFIL  141 - RADIOGRAFIA SEIOS DA FACE F/N - M/N LATERAL  142 - RADIOGRAFIA TÓRAX PA.  143 - RADIOGRAFIA TÓRAX PA. /PERFIL  144 - RADIOGRAFIA TORNOZELO AP./PERFIL  145 - RESSONÂNCIA MAGNÉTICA COLUNA CERVICAL  146 - RESSONÂNCIA MAGNÉTICA COLUNA LOMBAR  147 - RESSONÂNCIA MAGNÉTICA COLUNA LOMBO-SACRA  148 - RESSONÂNCIA MAGNÉTICA COXA  149 - RESSONÂNCIA MAGNÉTICA MEMBRO INFERIOR  150 - RESSONÂNCIA MAGNÉTICA MEMBRO SUPERIOR  151 - RESSONÂNCIA MAGNÉTICA PÉ  152 - RESSONÂNCIA MAGNÉTICA PERNA  153 - RESSONÂNCIA MAGNÉTICA ARTICULAÇÃO  154 - RESSONÂNCIA MAGNÉTICA COLUNA DORÇAL  155 - RESSONÂNCIA MAGNÉTICA CRÂNIO  156 - RESSONÂNCIA MAGNÉTICA JOELHO DIREITO E ESQUERDO  157 - RESSONÂNCIA MAGNÉTICA MÃO  158 - RETIRADA DE CORPO ESTRANHO  159 - RISCO CIRÚRGICO  160 - SANGUE OCULTO  161 - SÓDIO  162 - T3 LIVRE  163 - T4 LIVRE  164 - TEMPO DE COAGULAÇÃO  165 - TEMPO DE SANGRAMENTO  166 - TEMPO DE TROMBINA  167 - TEMPO DE TROMBOPLASTINA  168 - TESTOSTERONA LIVRE  169 - TGO  170 - TGP  171 - TIPAGEM SANGUÍNEA  172 - TOMOGRAFIA ABDOME INFERIOR E SUPERIOR  173 - TOMOGRAFIA COLUNA CERVICAL  174 - TOMOGRAFIA COLUNA DORÇAL  175 - TOMOGRAFIA COLUNA LOMBO-SACRA  176 - TOMOGRAFIA DA ARTICULAÇÃO  177 - TOMOGRAFIA DA PELVE / BACIA  178 - TOMOGRAFIA DO ABDOME TOTAL  179 - TOMOGRAFIA DO CRÂNIO  180 - TOMOGRAFIA DO TORAX  181 - TOMOGRAFIA FACE OU SEIOS DA FACE  182 - TOMOGRAFIA MASTÓIDES OU ÓRBITAS  183 - TOMOGRAFIA MAXILAR  184 - TOMOGRAFIA SELA TÚRCICA  185 - TONOMETRI-BINOCULAR  186 - TRANSFERRINA  187 - TRIGLICERIDES  188 - TROPONINA  189 - TSH  190 - ULTRASSONOGRAFIA EM GERAL  191 - UREIA  192 - US ABDOME INFERIOR E SUPERIOR  193 - US ABDOME SUPERIOR FEMININO  194 - US ABDOME TOTAL  195 - US ABDOME TOTAL ABDOME SUPERIOR, RINS, BEXIGA  196 - US APARELHO URINARIO RINS, URETERES E BEXIGA  197 - US ARTICULAÇÃO  198 - US ARTICULAÇÃO LOMBO SACRA  199 - US COURO CABELUDO  200 - US DOPLLER MÃO  201 - US DOPLLER PUNHO  202 - US ECODOPLER CARÓTIDAS  203 - US ESTRUTURA SUPERFICIAIS CERVICAL, AXILAS OU MUSCULO TENDÃO  204 - US GLANDULAS SALIVARES  205 - US MAMA  206 - US MARTES MOLES  207 - US MORFOLOGICA COM DOPPLER 2° TRIMESTRE  208 - US OBSTETRICA  209 - US OBSTETRICA COM DOPPLER  210 - US OBSTETRICA COM DOPPLER COLORIDO  211 - US OBSTETRICA GESTAÇÃO MULTIPLA - CADA FETO  212 - US OBSTETRICA GESTAÇÃO MULTIPLA COM DOPPLER COLORIDO - CADA FETO  213 - US OBSTETRICA 1° TRIMESTRE ENDOVAGINAL  214 - US OBSTETRICA 1° TRIMESTRE COM PUNÇÃO  215 - US ORGÃO SUPERFICIAIS PENIS OU CRÂNIO  216 - US ORGÃO SUPERFICIAIS TIREOIDE OU ESCROTO  217 - US PELVICA  218 - US PRÓSTATA VIA ABDOMINAL  219 - US PROSTATA TRANSRETAL NÃO INCLUI ADBOME INFERIOR MASCULINO  220 - US PROSTATA VIA ABDOMINAL  221 - US REGIÃO SACRAL  222 - US SEIS DA FACE  223 - US TIREOIDE  224 - US TORACICA  225 - US TRANSVAGINAL PARA CONTROLE DE OVULAÇÃO  226 - US TRANSLUCÊNICA NUCAL  227 - US TRANSVAGINAL  228 - US TRANSVAGINAL UTERO, OVARIO, VAGINA  229 - US TRASRETAL RADIAL  230 - VDRL  231 - VHS  232 - VÍDEO ENDOSCOPIA DIGESTIVA ALTA  233 - VITAMINA B12  234 - VITAMINA D25  235 - TESTE ERGOMETRICO ESTEIRA  236 - ELETROCARDIOGRAMA COM LAUDO  237 - US COM DOPPLER PULSADO  238 - US COM DOPPLER VENOSO E ARTERIAL  239 - US ARTICULAÇÃO E PARTES MOLES  240 - ELETRONEUROMIOGRAFIA  241 - RESSONÂNCIA COM CONTRASTE  242 - MAMOGAFIA  243 - ENDOSCOPIA  244 - COLONOSCOPIA  245 - AUXILIAR DE HIGIENE BUCAL MENSAL  246 - OUTROS PROFISSIONAIS DE ENSINO MÉDIO MENSAL  247 - ENFERMEIRO PLANTÃO DE 12 HORAS  248 - ENFERMEIRO MENSAL  249 - ODONTOLOGO DIÁRIA DE 8 HORAS  250 - FARMACÊUTICO MENSAL  251 - NUTRICIONISTA DIÁRIA DE 8 HORAS  252 - FISIOTERAPELTA DIARIA DE 8 HORAS  253 - MÉDICO CLÍNICO GERAL PLANTÃO DE 12 HORAS  254 - MÉDICO PSIQUIATRA PLANTÃO DE 12 HORAS  255 - MÉDICO ORTOPEDISTA PLANTÃO 12 HORAS  256 - MÉDICO PEDIATRA PLANTÃO DE 12 HORAS  257 - MÉDICO GINECOLOGISTA OBSTÉTRICO PLANTÃO DE 12 HORAS  258 - MÉDICO OFTALMOLOGISTA PLANTÃO DE 12 HORAS  259 - PSICOLOGO DIARIA DE 8 HORAS  260 - TÉCNICO EM ENFERMAGEM MENSAL  261 - TÉCNICO EM ENFERMAGEM PLANTÃO DE 12 HORAS  262 - SOCORRISTA HABILITADO PLANTÃO DE 12 HORAS  263 - FONOAUDIÓLOGO  264 - ALERGISTA  265 - ENDOCRINOLOGISTA  266 - OTORRINOLARINGOLOGISTA  267 - ANGIOLOGISTA  268 - OCONLOGISTA  269 - COLOPROCTOLOGISTA  270 - DERMATOLOGISTA  271 - GASTROENTEROLOGISTA  272 - MASTOLOGISTA  273 - NEUROLOGISTA  274 - UROLOGISTA  275 - REUMATOLOGISTA  276 - CONSULTAS E TRATAMENTO CLÍNICO  277 - ASSISTÊNCIA AO PRÉ NATAL  278 - EXAMES CITOPATOLÓGICO PREVENTIVO  279 - BIÓPSIA  280 - REMOÇÃO DE SINAIS  281 - ELETROCAUTERIZAÇÃO DO COLO UTERINO  282 - IMPLANTE CONTRACEPTIVO SUBDÉRMICO  283 - INSERÇÃO DE DIU  284 - RETIRADA DO DIU  285 - NINFOPLASTIA  286 - DRENAGEM DA GLÂNDULA DE BARTOLIM  287 - MARSUPIALIZAÇÃO DA GLÂNDULA DE BARTOLIM  288 - BARTOLINECTOMIA  289 - DRENAGEM DE ABSCESSO  290 - CATETERISMO VESICAL E PUNÇÃO VESICAL  291 - ABDOMINOCENTESE  292 - CIRURGIA DA UNHA  293 - EXÉRESE CIRÚRGIA DO CALO PLANTAR  294 - OTOPLASTIA ORELHA RASGADA, ORELHA DE ABANO  295 - ELETROCARDIOGRAMA  296 - ELETROCOAGULAÇÃO DE LESÃO CUTÂNEA  297 - EXCISÃO DE LESÃO E/ OU SUTURA DE FERIMENTO DE PELE, ANEXO E MUCOSAS  298 - EXÉRESE DE TUMOR DE PELE E ANEXOS  299 - FRENECTOMIA LINGUAL  300 - EXAME DE LESÃO POR SHAVING  301 - EXCISÃO E SUTURA DE LESÃO DE PELE COM PLÁSTICA EM ""Z"" OU ROTAÇÃO DE RETALHO  302 - HEMORROIDECTOMIA  303 - COLECISTECTOMIA  304 - HISTERECTOMIA  305 - LAQUEADURA  306 - MIOMECTOMIA  307 - HERNIOPLASTIA VENTRAL, INCISIONAL, UMBELICAL, INGUINAL  308 - HIDROCELECTOMIA  309 - VASECTOMIA  310 - POSTECTOMIA  311 - COLPOPERINEOPLASTIA  312 - OOFERECTOMIA  313 - TRATAMENTO ESCLEROSANTE DE VARIZES DOS MEMBROS INFERIORES  314 - DRENAGEM DE FURÚNCULO NO CONDUTO AUDITIVO EXTERNO  315 - RESSECÇÃO DE LESÃO DA BOCA  316 - EXÉRESE DE XANTELASMA, CALÁZIO E PEQUENAS LESÕES DA PÁLPEBRA E SUPERCÍLIOS  317 - APENDICECTOMIA  318 - PARACENTESE ABDOMINAL  319 - RETIRADA DE PINO INTRAÓSSEO  320 - TRATAMENTO CIRÚRGICO DA POLIDACTILIA NÃO ARTICULADA  321 - LIBERAÇÃO/PLASTIA DE PREPÚCIO  322 - TRATAMENTO CIRÚRGICO DA SINDACTILIA SIMPLES  323 - PUNÇÃO E ASPIRAÇÃO DA BEXIGA  324 - PLÁSTICA DE FREIO BALANOPREPUCIAL  325 - CONIZAÇÃO DO COLO DO ÚTERO  326 - CURETAGEM UTERINA PÓS-ABORTO  327 - CURETAGEM UTERINA EM MOLA HIDATIFORME  328 - ESVAZIAMENTO DO ÚTERO PÓS-ABORTO POR ASPIRAÇÃO MANUAL INTRA-UTERINA AMIU  329 - EPISIOPERINEORRAFIA NÃO OSTÉTRICA  330 - EXÉRESE DE MAMA SUPRANUMERÁRIA  331 - PARTO NORMAL  332 - PARTO CESARIANA  333 - RESSUTURA DE EPISIORRAFIA PÓS-PARTO  334 - TRATAMENTO CIRURGICO DE GRAVIDEZ ECTÓPICA  335 - TORACOCENTESE  336 - RESSECÇÃO EM CUNHA DO LÁBIO E SUTURA EM ONCOLOGIA  337 - EXCISÃO DE NEOPLASIA DA PELE E SUTURA COM PLÁSTICA EM ""Z""  338 - RAQUEANESTESIA  ",URGENTE,05/01/2026 08:01,02/01/2026 16:29:02
135415154,18520199,SM/2/2025,,,Nova Roma,GO,Chamamento Público para fins de Credenciamento Prestação de Serviços complementar de Saúde Consultas ,URGENTE,05/01/2026 08:01,02/01/2026 16:29:24
135415154,18519763,SM/3/2024,,"R$ 102.656,84",Nova Roma,GO,"Chamamento Público para fins de Credenciamento Prestação de Serviços de Profissionais de Saúde, conforme as especificações e condições constantes no Termo de Referência, contemplando os critérios técnicos específicos, os pré-requisitos e os valores referenciais dinâmicos para a realização do fornecimento. 1 - TÉCNICO DE ENFERMAGEM  2 - TECNICO DE ENFERMAGEM PLANTONISTA  3 - ENFERMEIRO PSF  4 - ENFERMEIRO PLANTONISTA  5 - FARMACÊUTICO RESPONSAVEL TÉCNICO  6 - TECNICO DE GESSO  7 - TÉCNICO EM RADIOLOGIA  8 - Educador físico  9 - AUXILIAR DE SAÚDE BUCAL  10 - DENTISTA  11 - NUTRICIONISTA  12 - MEDICO VETERINARIO  13 - PSICÓLOGO  14 - MEDICO PSF  15 - MEDICO UNIDADE MISTA  16 - MEDICO SOBREAVISO  17 - MEDICO DIREÇÃO TÉCNICO  ",URGENTE,05/01/2026 08:01,02/01/2026 16:29:45
135415154,18518132,SM/17/2025,,,Turmalina,MG,"Prestação de serviços de avaliações médicas incluindo a realização de Exame Clínico Ocupacional com emissão de Atestado de Saúde Ocupacional ASO e realização de exames complementares conforme o PCMSO Programa de Controle Médico e Saúde Ocupacional, em atendimento à demanda do município de Turmalina/MG. ",URGENTE,05/01/2026 08:01,02/01/2026 16:30:06
135415154,18518122,SM/18/2025,,,Turmalina,MG,Credenciamento de pessoa física ou jurídica para a prestação de serviços de saúde enfermagem e/ou médicos com vistas ao acompanhamento de pacientes durante as transferências intermunicipais realizadas pelo serviço de transporte de saúde do município de Turmalina/MG. ,URGENTE,05/01/2026 08:01,02/01/2026 16:30:23
135415154,18518099,SM/20/2025,,,Turmalina,MG,Credenciamento de pessoa física e ou jurídica para a prestação de serviços médicos abrangendo especialistas para atuar em Unidades de Saúde conforme cronograma da Secretaria Municipal de Saúde de Turmalina/MG. ,URGENTE,05/01/2026 08:01,02/01/2026 16:30:40
135415154,18518591,SM/6/2025,,,Bom Jesus da Penha,MG,"Contratação de serviços de consultas médicas especializadas nas áreas de Fonoaudiologia, Psiquiatria e Pediatria, com o objetivo de atender à demanda reprimida da Atenção Básica, promover o cuidado integral dos usuários e fortalecer as ações de prevenção, diagnóstico e acompanhamento clínico especializado ",Erro na consulta,,02/01/2026 16:30:49
135415154,18518024,PE/32/2025,,,Ponte Nova,MG,* Licitação eletrônica * Contratação de técnico em radiologia e médico radiologista-rt. ,URGENTE,05/01/2026 08:01,02/01/2026 16:31:07
135415154,18519446,SM/35/2026,,"R$ 50.000.000,00",Belo Horizonte,MG,"O Comando da 4ª Região Militar, por meio da Seção Administrativa do Posto Médico da Guarnição de Belo Horizonte, sediado na Rua Juiz de Fora n 990, Bairro Barro Preto, Belo Horizonte-MG, realizará CREDENCIAMENTO, da forma PRESENCIAL, nos termos da Lei n 14.133, de 1 de abril de 2021, do Decreto n 11.878, de 09 de janeiro de 2024, e demais legislações aplicáveis e, ainda, de acordo com as condições estabelecidas no Edital de Credenciamento OCS/PSA 01/2024 - atualizado em novembro 2025. 1 - Assistência Médica - Hospitalar / Domiciliar complementar de Saúde / Convênio Assistência Médica - Hospitalar / Domiciliar complementar de Saúde / Convênio  ",URGENTE,05/01/2026 08:01,02/01/2026 16:31:25
135415154,18519777,SM/3/2025,,,Congonhas do Norte,MG,"credenciamento de  pessoa jurídica para prestação de serviço médicos especializados cardiologia, ginecologia pediatra, oftalmologia para atendimento das necessidades da dirtoria municipal de saúde de congonhas do norte 1 - SERVIÇO MEDICO ESPECIALIZADO EM CARDIOLOGIA Atendimento cardiológico para suporte aos pacientes do Município de Congonhas do Norte. CURSO SUPERIOR EM MEDICINA COM RESPECTIVOD REGISTRO CONSELHO DE CLASSE COMPETENTE ESPECIALIZAÇÃO NA ÁREA DE ATUAÇÃO LOCAL DE PRESTAÇÃO DO SERVIÇO POR CONTA DO MUNICIPIO EM ATÉ 90 KM DE DISTÂNCIA  2 - CONTRATAÇÃO DE MEDICO NA ESPECIALIDADE GINECOLOGIA PARA UBS CURSO SUPERIOR EM MEDICINA COM RESPECTIVO REGISTRO CONSELHO DE CLASSE COMPETENTE ESPECIALIZAÇÃO NA ÁREA DE ATUAÇÃO LOCAL DE PRESTAÇÃO DO SERVIÇO PSF MUNICIPAL  3 - CONTRATAÇÃO DE MEDICO NA ESPECIALIDADE PEDIATRIA PARA ATENDIMENTO NA UBS CURSO SUPERIOR EM MEDICINA COM RESPECTIVO REGISTRO CONSELHO DE CLASSE COMPETENTE ESPECIALIZAÇÃO NA ÁREA DE ATUAÇÃO LOCAL PRESTAÇÃO DE SERVIÇO PSF MUNICIPAL  4 - MEDICO ESPECIALIZADO EM OFTAMOLOGISTA CURSO SUPERIOR EM MEDICINA COM RESPECTIVO REGISTRO CONSELHO DE CLASSE COMPETENTE ESPECIALIZAÇÃO NA ÁREA DE ATUAÇÃO LOCAL PRESTAÇÃO DE SERVIÇO POR CONTA DO  MUNICIPIO EM ATÉ 90 KM DE DISTÂNCIA  ",URGENTE,05/01/2026 08:01,02/01/2026 16:31:47
135415154,18519768,SM/6/2025,,"R$ 825.620,16",Serra Azul de Minas,MG,"CREDENCIAMENTO DE PESSOA FÍSICA EOU JURÍDICA, PARA PRESTAÇÃO DE SERVIÇOS MÉDICOS CLINICO GERAL PARA ATUAÇÃO NO PSF SAÚDE 10, PSF CASA DE TELHA E SOBREAVISOPLANTÕES EM ATENDIMENTO À SECRETARIA MUNICIPAL DE SAÚDE, PARA ATENDIMENTO NO MUNICÍPIO DE SERRA AZUL DE MINASMG 1 - MEDICO CLINICO GERAL- PSF SAUDE 10  2 - MEDICO CLINICO GERAL -PSF CASA DE TELHA  3 - SERVIÇOS  MEDICOS PLANTONISTAS -15 HORAS DIA  4 - SERVIÇOS MEDICOS PLANTONISTAS FINAIS DE SEMANA -48 HORAS  ",URGENTE,05/01/2026 08:01,02/01/2026 16:32:07
135415154,18519556,SM/11/2024,,"R$ 871.680,00",Senador Modestino Gonçalves,MG,"CREDENCIAMENTO PARA PRESTAÇÃO DE SERVIÇOS MÉDICOS CLÍNICOS PARA ATENDIMENTO NAS ESF'S, PLANTÃO NA POLICLÍNICA SALVADOR SALVINO MOREIRA, VISANDO MELHORAR A QUALIDADE E EFICIÊNCIA DO ATENDIMENTO À POPULAÇÃO DEPENDENTE DO SUS NO MUNICÍPIO DE SENADOR MODESTINO GONÇALVES/MG. 1 - PRESTAÇÃO DE SERVIÇOS MÉDICOS: Atendimento médico de urgência/emergência no Centro de Saúde Salvador Salvino Moreira, com jornada de trabalho correspondente a 40 quarenta horas semanais, de segunda a sexta-feira, exceto feriados e pontos facultativos sendo distribuída da seguinte forma: urgência/emergência, demandas espontâneas, consultas, reuniões em grupo, visitas domiciliares, se necessário, com atendimento na zona rural, conforme cronograma da Secretaria Municipal de Saúde.  2 - PRESTAÇÃO DE SERVIÇOS MÉDICOS 2: Atendimento médico na Estratégia Saúde da Família/ Centro de Saúde Salvador Salvino Moreira, com jornada de trabalho correspondente a 40 quarenta horas semanais, de segunda a sexta-feira, exceto feriados e pontos facultativos, sendo distribuídos da seguinte forma: atendimento a demanda programada, demanda espontânea, reuniões em grupo, visitas domiciliares e atendimento nas comunidades rurais, conforme cronograma da Secretaria Municipal de Saúde.  3 - MÉDICO PLANTONISTA 1: dias de semana plantão 12 horas - Serviços médicos em regime de plantão ou sobreaviso, de forma alternada, de segunda a sexta-feira, a iniciar-se às 19:00 horas com término às 07:00 horas do dia seguinte, conforme cronograma da Secretaria Municipal de Saúde.  4 - MÉDICO PLANTONISTA 2: Plantão 24 HORAS FINAIS DE SEMANAServiços médicos em regime de plantão ou sobreaviso, de forma alternada, de sábado a segunda-feira, a iniciar-se às 07 horas do sábado com término às 07 horas do Domingo/ ou 07 horas do domingo às 07 horas da segunda-feira, conforme cronograma da Secretaria Municipal de Saúde.  5 - MÉDICO PLANTONISTA 3: Plantão 12 horas eventualidades Serviços médicos em regime de plantão ou sobreaviso, para atendimento tanto no Centro de Saúde Salvador Salvino Moreira quanto em outro local que vier a ser designado pela Secretaria Municipal de Saúde, para cobertura em eventos realizados pela administração municipal, programações festivas, cobertura de plantões ou sobreavisos no caso de médico titular estar em trânsito com remoção de pacientes, licenças de servidores médicos efetivos ou outras situações imprevisíveis de caso fortuito e de força maior.  ",URGENTE,05/01/2026 08:01,02/01/2026 16:32:30
135415154,18519538,SM/12/2024,,"R$ 713.208,00",Senador Modestino Gonçalves,MG,"CREDENCIAMENTO ELETRÔNICO TEM POR OBJETO O CREDENCIAMENTO DE ESTABELECIMENTOS E/OU PESSOAS FÍSICAS PARA PRESTAÇÃO DE SERVIÇOS MÉDICOS ESPECIALIZADOS, COM O OBJETIVO DE PRESTAR SERVIÇOS MÉDICOS PARA A SECRETARIA MUNICIPAL DE SAÚDE DO MUNICÍPIO DE SENADOR MODESTINO GONÇALVES/MG 1 - CONSULTA MÉDICA - PROFISSIONAL ESPECIALISTA EM FONOAUDIOLOGIA PARA ATENDIMENTO COMPLEMENTAR AO SUS  2 - AVALIAÇÃO INICIAL PARA INICIO DE TRATAMENTO FONOAUDIOLOGIA  3 - SERVIÇOS MEDICOS ESPECIALIZADOS EM ORTOPEDIA E TRAUMATOLOGIA PARA ATENDIMENTO COMPLEMENTAR AO SUS  4 - COLSULTA MÉDICA ESPECIALIZADA EM GINECOLOGISTA/OBSTETRA PARA ATENDIMENTO COMPLEMENTAR AO SUS  5 - CONSULTA MÉDICA ESPECIALIZADA EM PEDIATRA PARA ATENDIMENTO COMPLEMENTAR AO SUS  6 - CONSULTA MÉDICA ESPECIALIZADA EM ENDROCRINOLOGIA PARA ATENDIMENTO COMPLEMENTAR AO SUS  ",URGENTE,05/01/2026 08:01,02/01/2026 16:32:48
135415154,18519487,SM/39/2026,,"R$ 3.256.414,30",Ponte Nova,MG,"Credenciamento para contratação de estabelecimentos de saúde para realização de serviços oftalmológicos.  1 - Consulta médica especializada em oftalmologia Consulta médica especializada em oftalmologia  ",URGENTE,05/01/2026 08:01,02/01/2026 16:33:05
135415154,18519478,SM/9/2025,,"R$ 3.849.537,00",Luisburgo,MG,"CREDENCIAMENTO PÚBLICO PARA CONTRATAÇÃO DE PESSOAS JURÍDICAS E FÍSICAS INTERESSADAS PARA PRESTAÇÃO DE SERVIÇOS MÉDICOS, CONFORME CONDIÇÕES ESTABELECIDAS PELO PRESENTE EDITAL CONVOCATÓRIO. 1 - Médico Clínico geral. -  a Consultas realizadas pelo clinico geral, plantão. b Local de atendimento: UBS  c Periodicidade: plantão 12hs/dia d Curso Superior em Medicina com respectivo registro conselho de classe competente.   2 - a Atendimento conforme necessidade da Secretaria Municipal de Saúde.  b Local de atendimento: UBS e  c Periodicidade: Demanda, com realização de procedimentos necessários de coleta para exames e outros destinados em detrimento do objeto. d Curso Superior em Medicina com respectivo registro conselho de classe competente  e Especialização na área de atuação.   3 -  a Atendimento conforme necessidade da Secretaria Municipal de Saúde.  b Local de atendimento: UBS   c Periodicidade: Demanda, d Curso Superior em Medicina com respectivo registro conselho de classe competente  e Especialização na área de atuação.   4 - a Atendimento conforme necessidade da Secretaria Municipal de Saúde.  b Local de atendimento: UBS e  c Periodicidade: Demanda, d Curso Superior em Medicina com respectivo registro conselho de classe competente  e Especialização na área de atuação.   5 - a Atendimento conforme necessidade da Secretaria Municipal de Saúde.  b Local de atendimento: UBS e  c Periodicidade: Demanda, d Curso Superior em Medicina com respectivo registro conselho de classe competente  e Especialização na área de atuação.   6 - a Atendimento conforme necessidade da Secretaria Municipal de Saúde.  b Local de atendimento: UBS e  c Periodicidade: Demanda, d Curso Superior em Medicina com respectivo registro conselho de classe competente  e Especialização na área de atuação.   7 -  a Atendimento conforme necessidade da Secretaria Municipal de Saúde.  b Local de atendimento: UBS e  c Periodicidade: Demanda, d Curso Superior em Medicina com respectivo registro conselho de classe competente  e Especialização na área de atuação   8 - a Atendimento conforme necessidade da Secretaria Municipal de Saúde.  b Local de atendimento: UBS e  c Periodicidade: Demanda, d Curso Superior em Medicina com respectivo registro conselho de classe competente  e Especialização na área de atuação   9 - a Atendimento conforme necessidade da Secretaria Municipal de Saúde.  b Local de atendimento: UBS e  c Periodicidade: Demanda, d Curso Superior em Medicina com respectivo registro conselho de classe competente  e Especialização na área de atuação   10 - a Atendimento conforme necessidade da Secretaria Municipal de Saúde.  b Local de atendimento: UBS e  c Periodicidade: Demanda, d Curso Superior em Medicina com respectivo registro conselho de classe competente  e Especialização na área de atuação   11 - a Atendimento conforme necessidade da Secretaria Municipal de Saúde.  b Local de atendimento: UBS e  c Periodicidade: Demanda, d Curso Superior em Medicina com respectivo registro conselho de classe competente  e Especialização na área de atuação   12 - Serviços de Médico Clínico geral - pessoa física - 03 PSFs/ESFs. a Consultas realizadas pelo clínico geral, agendadas pela Secretaria de Saúde. b Local de atendimento: ESF c Periodicidade: 40 horas semanais, cinco dias na semana d Curso Superior em Medicina com respectivo registro conselho de classe competente.    13 - a Atendimento conforme necessidade da Secretaria Municipal de Saúde. b Local de atendimento: UBS e c Periodicidade: Demanda, d Curso Superior em Medicina com respectivo registro conselho de classe competente e Especialização na área de atuação   ",URGENTE,05/01/2026 08:01,02/01/2026 16:33:22
135415154,18520369,SM/3/2024,,"R$ 2.593.000,00",Chapada do Norte,MG,"CREDENCIAMENTO DE SERVIÇOS MÉDICOS ESPECIALIZADOS NAS ÁREAS: MÉDICO CIRURGIÃO GERAL, RADIOLOGIA E ULTRASSONOGRAFIA, PEDIATRIA, PSIQUIATRIA, GINECOLOGIA E OBSTETRÍCIA, CARDIOLOGIA SEDE, CARDIOLOGIA GRANJAS DO NORTE E VARGEM DO SETÚBAL, ORTOPEDIA, UROLOGISTA E OFTALMOLOGISTA OBJETIVANDO ATENDER AS DEMANDAS E NECESSIDADES DA SECRETARIA MUNICIPAL DE SAÚDE. ESSES ATENDIMENTOS EVENTUAIS PARA ATENDIMENTO DE DEMANDAS REPRIMIDAS EM ALGUMAS ESPECIALIDADES, VISANDO MELHORAR A QUALIDADE E EFICIÊNCIA DO ATENDIMENTO À POPULAÇÃO DEPENDENTE DO SUS. 1 - MEDICO CIRURGIAO GERAL  ATENDIMENTO NO CENTRO DE SAUDE DE CHAPADA DO NORTE, SENDO FEITO O ATENDIMENTO AMBULATORIAL COM 15 CONSULTAS MENSAIS E 03 PROCEDIMENTOS CIRURGICOS. OS ATENDIMENTOS SERAO REALIZADOS CONFORME ESCALA DETERMINADA PELA SECRETARIA DE SAUDE. O PROFISSIONAL DEVERA REALIZAR A CONSULTA/ATENDIMENTO NO PRONTUARIO ELETRONICO DO CIDADAO E-SUS APS FERRAMENTA UTILIZADA NA REDE DE ATENCAO A SAUDE MUNICIPAL. O PROFISSIONAL DEVERA SEGUIR AS NORMAS ROTINAS E PROTOCOLOS CLINICOS DA SECRETARIA MUNICIPAL DE SAUDE DE CHAPADA DO NORTE.:  2 - MEDICO ESPECIALISTA EM RADIOLOGIA E ULTRASSONOGRAFIA  ATENDIMENTO DEVERA DE REALIZADO DE FORMA AMBULATORIAL NO CENTRO DE SAUDE DE CHAPADA DO NORTE, CONFORME ESCALA DETERMINADA PELA SECRETARIA DE SAUDE.:  3 - MEDICO ESPECIALISTA EM PEDIATRIA   ATENDIMENTO DEVERA DE REALIZADO DE FORMA AMBULATORIAL NO CENTRO DE SAUDE DE CHAPADA DO NORTE, CONFORME ESCALA DETERMINADA PELA SECRETARIA DE SAUDE. O PROFISSIONAL DEVERA REALIZAR A CONSULTA/ATENDIMENTO NO PRONTUARIO ELETRONICO DO CIDADAO E-SUS APS FERRAMENTA UTILIZADA NA REDE DE ATENCAO A SAUDE MUNICIPAL. O PROFISSIONAL DEVERA SEGUIR AS NORMAS ROTINAS E PROTOCOLOS CLINICOS DA SECRETARIA MUNICIPAL DE SAUDE.:  4 - MEDICO ESPECIALISTA EM GINECOLOGIA E OBSTETRICIA  ATENDIMENTO DEVERA DE REALIZADO DE FORMA AMBULATORIAL NO CENTRO DE SAUDE DE CHAPADA DO NORTE, CONFORME ESCALA DETERMINADA PELA SECRETARIA DE SAUDE. O PROFISSIONAL DEVERA REALIZAR A CONSULTA/ATENDIMENTO NO PRONTUARIO ELETRONICO DO CIDADAO E-SUS APS FERRAMENTA UTILIZADA NA REDE DE ATENCAO A SAUDE MUNICIPAL. O PROFISSIONAL DEVERA SEGUIR AS NORMAS ROTINAS E PROTOCOLOS CLINICOS DA SECRETARIA MUNICIPAL DE SAUDE DE CHAPADA DO NORTE.:  5 - MEDICO ESPECIALISTA EM CARDIOLOGIA  ATENDIMENTO DEVERA DE REALIZADO DE FORMA AMBULATORIAL NO CENTRO DE SAUDE DE CHAPADA DO NORTE, CONFORME ESCALA DETERMINADA PELA SECRETARIA DE SAUDE. O PROFISSIONAL DEVERA REALIZAR A CONSULTA/ATENDIMENTO NO PRONTUARIO ELETRONICO DO CIDADAO E-SUS APS FERRAMENTA UTILIZADA NA REDE DE ATENCAO A SAUDE MUNICIPAL. O PROFISSIONAL DEVERA SEGUIR AS NORMAS ROTINAS E PROTOCOLOS CLINICOS DA SECRETARIA MUNICIPAL DE SAUDE DE CHAPADA DO NORTE.:  6 - MEDICO ESPECIALISTA EM ORTOPEDIA  ATENDIMENTO DEVERA DE REALIZADO DE FORMA AMBULATORIAL NO CENTRO DE SAUDE DE CHAPADA DO NORTE, CONFORME ESCALA DETERMINADA PELA SECRETARIA DE SAUDE. O PROFISSIONAL DEVERA REALIZAR A CONSULTA/ATENDIMENTO NO PRONTUARIO ELETRONICO DO CIDADAO E-SUS APS FERRAMENTA UTILIZADA NA REDE DE ATENCAO A SAUDE MUNICIPAL. O PROFISSIONAL DEVERA SEGUIR AS NORMAS ROTINAS E PROTOCOLOS CLINICOS DA SECRETARIA MUNICIPAL DE SAUDE DE CHAPADA DO NORTE.:  7 - MEDICO ESPECIALISTA EM CARDIOLOGIA  ATENDIMENTO DEVERA DE REALIZADO DE FORMA AMBULATORIAL NAS UNIDADES BASICAS DE SAUDE NA COMUNIDADE DE GRANJAS DO NORTE E VARGEM DO SETUBAL DO MUNICIPIO DE CHAPADA DO NORTE, COM EXAME DE ECG CONFORME ESCALA DETERMINADA PELA SECRETARIA DE SAUDE. O PROFISSIONAL DEVERA REALIZAR A CONSULTA/ATENDIMENTO NO PRONTUARIO ELETRONICO DO CIDADAO E-SUS APS FERRAMENTA UTILIZADA NA REDE DE ATENCAO A SAUDE MUNICIPAL. O PROFISSIONAL DEVERA SEGUIR AS NORMAS ROTINAS E PROTOCOLOS CLINICOS DA SECRETARIA MUNICIPAL DE SAUDE DE CHAPADA DO NORTE:  8 - MEDICO ESPECIALISTA EM UROLOGIA:  ATENDIMENTO DEVERA DE REALIZADO DE FORMA AMBULATORIAL NO CENTRO DE SAUDE DE CHAPADA DO NORTE, CONFORME ESCALA DETERMINADA PELA SECRETARIA DE SAUDE. O PROFISSIONAL DEVERA REALIZAR A CONSULTA/ATENDIMENTO NO PRONTUARIO ELETRONICO DO CIDADAO E-SUS APS FERRAMENTA UTILIZADA NA REDE DE ATENCAO A SAUDE MUNICIPAL. O PROFISSIONAL DEVERA SEGUIR AS NORMAS ROTINAS E PROTOCOLOS CLINICOS DA SECRETARIA MUNICIPAL DE SAUDE DE CHAPADA DO NORTE  MG.:  9 - MEDICO ESPECIALISTA EM OFTAMOLOGIA:  ATENDIMENTO DEVERA DE REALIZADO DE FORMA AMBULATORIAL NO CENTRO DE SAUDE DE CHAPADA DO NORTE, CONFORME ESCALA DETERMINADA PELA SECRETARIA DE SAUDE. O PROFISSIONAL DEVERA REALIZAR A CONSULTA/ATENDIMENTO NO PRONTUARIO ELETRONICO DO CIDADAO E-SUS APS FERRAMENTA UTILIZADA NA REDE DE ATENCAO A SAUDE MUNICIPAL. O PROFISSIONAL DEVERA SEGUIR AS NORMAS ROTINAS E PROTOCOLOS CLINICOS DA SECRETARIA MUNICIPAL DE:  10 - MEDICO ESPECIALISTA E EM CURSO EM PSIQUIATRIA O ATENDIMENTO DEVERA SER REALIZADO DE FORMA AMBULATORIAL NO CENTRO DE ATENCAO PSICOSSOCIAL  CAPS I DE CHAPADA DO NORTE, CONFORME ESCALA DETERMINADA PELA SECRETARIA MUNICIPAL DE SAUDE. O PROFISSIONAL DEVERA REALIZAR A CONSULTA/ATENDIMENTO NO PRONTUARIO ELETRONICO DO CIDADAO E-SUS APS FERRAMENTA UTILIZADA NA REDE DE ATENCAO A SAUDE MUNICIPAL. O PROFISSIONAL DEVERA SEGUIR AS NORMAS ROTINAS E PROTOCOLOS CLINICOS DA SECRETARIA MUNICIPAL DE SAUDE DE CHAPADA DO NORTE.:  ",URGENTE,05/01/2026 08:01,02/01/2026 16:33:43
135415154,18520370,SM/12/2025,,"R$ 1.851.202,00",Felício dos Santos,MG,"CREDENCIAMENTO DE PESSOA FÍSICA EOU JURÍDICA, PARA A  PRESTAÇÃO DE SERVIÇOS MÉDICOS EM SEGURANÇA NO TRABALHO, GENERALISTAS, GINECOLOGISTA E PEDIATRA, EM ATENDIMENTO À SOLICITAÇÃO DA SECRETARIA MUNICIPAL DE SAÚDE E SECRETÁRIA DE ADMINISTRAÇÃO DA PREFEITURA DE FELÍCIO DOS SANTOS-MG 1 - SERVIÇOS MEDICOS PLANTONISTAS -  ATENDIMENTO NA UNIDADE BÁSICA DE SAÚDE DE FELÍCIO DOS SANTOS ATRAVES  DE PLANTÕES  NOTURNOS, DIURNOS OU FINAIS DE SEMANA.    EM EPOCAS FESTIVAS  REMOÇÃO DE PACIENTES OU IMPREVISTOS COMO DOENÇAS E ATESTADOS , DENTRE OUTROS  PREFERENCIAMENTE PRESENCIAL .  2 - MÉDICO  PEDIATRA -  3 - MEDICO - CLINICO GERAL  4 - MEDICO - CLINICO GERAL  5 - MÉDICO CLÍNICO GERAL  6 - - MEDICO DO TRABALHO - PESSOA FÍSICA OU JURÍDICA PARA ATUAÇÃO PROVISÓRIA EM MEDICINA DO TRABALHO, COM FOCO NA AVALIAÇÃO CLÍNICA DE ATESTADOS E LAUDOS MÉDICOS DE AFASTAMENTO DO TRABALHO, COM EMISSÃO DE PARECERES ACERCA DA CAPACIDADE OU INCAPACIDADE LABORATIVA, GRAU E DURAÇÃO DA INCAPACIDADE LABORATIVA FRENTE À PROFISSÃO DESEMPENHADA, E ANÁLISE DE SAÚDE OCUPACIONAL ADMISSIONAL E DEMISSIONAL DOS SERVIDORES DO MUNICÍPIO, CONFORME CRONOGRAMA ESTABELECIDO PELA SECRETARIA MUNICIPAL DE ADMINISTRAÇÃO VALOR POR CONSULTA.  7 - MÉDICO ESPECIALISTA EM GINECOLOGIAOBSTETRICIA  ",URGENTE,05/01/2026 08:01,02/01/2026 16:34:00
135415154,18520058,SM/22/2025,,,Placas,PA,"CREDENCIAMENTO DE PESSOAS JURÍDICAS, PARA A PRESTAÇÃO DE SERVIÇOS MÉDICOS EM DIVERSAS ESPECIALIDADES, A SEREM EXECUTADOS NO HOSPITAL MUNICIPAL DE PLACAS/PA * www.portaldecompraspublicas.com.br * Médico Clinico Geral 12h - Consulta médica: Realizar atendimento primário e integral aos pacientes, diagnosticando condições médicas comuns, tratando problemas de saúde geral e coordenando encaminhamentos para especialistas quando necessário. Sendo no mínimo: Verificação dos dados pessoais do paciente. Medição dos sinais específicos: pressão arterial, frequência cardíaca, temperatura corporal, peso e altura; Coleta detalhada da história clínica do paciente, incluindo queixas principais, sintomas atuais, histórico médico pregresso, alergias, medicamentos em uso, hábitos de vida alimentação, atividade física, tabagismo, consumo de álcool e histórico familiar de doenças; Inspeção: avaliação visual geral do paciente; identificação de áreas de dor, inchaço ou anormalidades; avaliação dos sons corporais com o uso de um estetoscópio para detectar possíveis alterações nos sistemas respiratórios e cardíacos; utilização para determinar a presença de fluidos, ar ou sólidos em órgãos internos. Baseado na anamnese e exame físico, a fórmula médica é um diagnóstico inicial; Prescrição de medicamentos, quando necessário, para tratar condições agudas e crônicas; Orientações sobre mudanças no estilo de vida, incluindo dieta, exercício físico, hábitos de sono e redução de riscos à saúde; Se identificar a necessidade, encaminhamento para especialistas para avaliação e tratamento adicional; Fornecimento de informações educativas ao paciente e familiares sobre condições de saúde, prevenção de doenças, cuidados preventivos e uso adequado de medicamentos; Registro detalhado de todas as informações coletadas, diagnósticos feitos, tratamentos prescritos e encaminhamentos realizados, garantindo um histórico médico completo e preciso do paciente.  Prestação de serviços médicos especializados em Oftalmologia, compreendendo exclusivamente a realização de consultas médicas destinadas ao diagnóstico, tratamento, acompanhamento e prevenção de doenças oculares. As consultas incluem, no mínimo: anamnese clínica, avaliação da acuidade visual, refração ocular, inspeção das estruturas externas dos olhos, exame de fundo de olho por oftalmoscopia, medição da pressão intraocular, dilatação pupilar quando clinicamente indicada, emissão de diagnóstico, prescrição de tratamento, orientações ao paciente, registro em prontuário e acompanhamento clínico. Todos os atendimentos deverão ser realizados por médico oftalmologista legalmente habilitado, com registro ativo no Conselho Regional de Medicina CRM, em conformidade com as normas técnicas, éticas e legais vigentes.  Médico Ortopedista - Realizar consulta especializada e tratamento de condições musculoesqueléticas, incluindo lesões, deformidades e doenças relacionadas aos ossos, articulações, ligamentos, tendões. Sendo no mínimo: Entrevista com o paciente para obter informações detalhadas sobre a queixa principal, histórico de lesões anteriores, , condições médicas relevantes e medicamentos; Exame Físico: Inspeção: avaliação visual da estrutura e postura corporal; Palpação: pressionar e manipular áreas específicas para identificar dor, inchaço; Avaliação da Amplitude de Movimento: testes para determinar a capacidade; Testes específicos: Testes Neurológicos: avaliação dos reflexos e sensibilidade, quando aplicável; Exames Complementares: Solicitação e interpretação de exames de imagem, como radiografias, ressonâncias magnéticas RM ou tomografias computadorizadas TC, para visualizar estrutura, conforme necessidade; Diagnóstico: Com base na anamnese, exame físico e resultados dos exames, o ortopedista faz um diagnóstico preciso; Plano de Tratamento: Prescrição de medicamentos para interrupção da dor, redução da inflamação ou para tratamento de condições e Recomendações de terapias não cirúrgicas, como fisioterapia, exercícios terapêuticos e uso de dispositivos; Educação ao Paciente: Orientações sobre autocuidado, incluindo medidas para proteger e fortalecer as articulações, prevenir lesões; Acompanhamento e Reavaliação: Agendamento de consultas de acompanhamento para monitorar a evolução; Documentação e Registro: Registro detalhado de todos os aspectos da consulta, incluindo diagnósticos, planos de tratamento e orientações fornecidas, garantindo um histórico médico.  Médico Pediatra - Realizar consulta médica com avaliação, diagnóstico, tratamento e prevenção de doenças em crianças, desde o nascimento até a adolescência. Sendo no mínimo: Verificação dos dados pessoais da criança e histórico médico familiar. Medição dos sinais específicos como peso, altura, temperatura corporal e frequência cardíaca; Entrevista com os pais ou responsáveis para coletar informações sobre o desenvolvimento da criança, marcos do crescimento, alimentação, vacinação, sono, comportamento e saúde geral; Avaliação geral da saúde da criança, incluindo inspeção visual, palpação abdominal, ausculta cardíaca e pulmonar, além da verificação de reflexos e resposta aos estímulos; Observação do desenvolvimento físico, emocional e cognitivo da criança de acordo com a idade; Revisão do calendário de vacinação da criança e administração de vacinas conforme recomendado; Identificação de doenças comuns na infância, como infecções respiratórias, gastrointestinais, alergias, entre outras; Prescrição de medicamentos adequados e orientações sobre o uso correto; Fornecimento de orientações aos pais sobre cuidados com a saúde da criança, nutrição, segurança, desenvolvimento infantil e prevenção de acidentes; Quando necessário, encaminhamento para especialistas pediátricos para avaliação mais especializada em áreas como cardiologia pediátrica, neurologia infantil, entre outras; Educação em Saúde: Educação contínua aos pais sobre a importância do acompanhamento regular, da vacinação e da prevenção de doenças infantis; Acompanhamento e Reavaliação: Agendamento de consultas de acompanhamento para monitorar a recuperação da criança, ajustar o tratamento conforme necessário e garantir o desenvolvimento saudável; Documentação e Registro: Registro detalhado de todas as informações da consulta, incluindo histórico médico, diagnósticos, tratamentos prescritos, vacinas administradas e orientações fornecidas.  Médico Ginecologista - Realizar consulta médica com avaliação, diagnóstico, tratamento e prevenção de doenças ginecológicas e problemas de saúde relacionados ao sistema reprodutivo feminino. Sendo no mínimo: Verificação dos dados pessoais do paciente e histórico médico ginecológico. Coleta de informações sobre ciclo menstrual, contracepção, histórico de gravidez e partos, além de quaisquer sintomas ou queixas atuais; História Clínica: Entrevista detalhada com o paciente para discutir sintomas específicos, como dor pélvica, sangramento anormal, secreções vaginais, entre outros. Exploração de antecedentes familiares relevantes, condições médicas preexistentes e uso de medicamentos; Exame Físico: Exame pélvico para avaliar a saúde dos órgãos reprodutivos, incluindo vagina, colo do útero, útero, ovários e trompas. Palpação abdominal para detectar irregularidades ou massas abdominais; Exames Complementares: Solicitação e interpretação de exames laboratoriais, como exame de Papanicolau Papanicolau, cultura vaginal, testes de DSTs doenças sexualmente transmissíveis e exames de imagem, como ultrassom pélvico, se necessário; Diagnóstico e Tratamento: Diagnóstico de condições ginecológicas, como infecções vaginais, distúrbios menstruais, endometriose, miomas uterinos, entre outros. Prescrição de medicamentos, como antibióticos, anticoncepcionais ou tratamentos específicos para tratamento de sintomas; Orientação e Aconselhamento: Fornecimento de orientações sobre saúde sexual e reprodutiva, métodos contraceptivos, planejamento familiar e cuidados preventivos; Encaminhamentos Especializados: Quando necessário, encaminhamento para especialistas em ginecologia, oncologia, uroginecologia ou outras áreas específicas para tratamento adicional; Educação em Saúde: Educação contínua sobre cuidados ginecológicos, prevenção de doenças, autocuidado e detecção precoce de condições ginecológicas; Acompanhamento e Reavaliação: Agendamento de consultas de acompanhamento para monitorar a r  Médico Psiquiatra - Realizar consulta médica com avaliação, diagnóstico, tratamento e acompanhamento de transtornos mentais e emocionais. Sendo no mínimo: Verificação dos dados pessoais do paciente e Coleta de informações sobre sintomas psicológicos, histórico de tratamentos anteriores, uso de medicamentos; Entrevista Psiquiátrica: Entrevista detalhada com o paciente para explorar o contexto psicossocial, eventos extremos Avaliação dos sintomas específicos, como depressão, ansiedade, transtornos de humor, Exame do Estado Mental; Exames Complementares: Solicitação de exames laboratoriais, como testes de função hepática e renal, para verificar a saúde. Encaminhamento para exames de imagem, como ressonância magnética craniana, quando necessário; Diagnóstico Psiquiátrico: Formulação de um diagnóstico psiquiátrico baseado em entrevista, avaliação do estado mental; Plano de Tratamento: Prescrição de medicamentos psicotrópicos, como antidepressivos, ansiolíticos, estabilizadores de humor ou antipsicóticos, conforme indicado pelo Recomendação de psicoterapia individual, terapia familiar, conforme o caso. Monitoramento e Acompanhamento; Educação ao Paciente e Familiares: Orientação sobre a condição psiquiátrica, uso adequado de medicamentos, e estratégias de enfrentamento para lidar com os sintomas; Trabalho em Rede: Coordenação com outros profissionais de saúde mental, como psicólogos, assistentes sociais e enfermeiros psiquiátricos; Documentação e Registro: Registro detalhado de todas as informações da consulta, incluindo diagnósticos, planos de tratamento.  Médico Auditor - Analisar despesas e custos com tratamentos e autorizações de procedimentos Garantir o correto aproveitamento dos leitos Identificar irregularidades Produzir informações para subsidiar o planejamento de ações Conferir a qualidade, a propriedade e a efetividade dos serviços de saúde Elaborar pareceres conclusivos Apontar impropriedades ou irregularidades aos superiores hierárquicos e demais órgãos competentes Atuar em todo o sistema hospitalar, avaliando os elementos componentes dos processos da instituição. Garantir a segurança e qualidade em todas as etapas do cuidado ao paciente. Analisar prontuários médicos Entrevistar pacientes Examinar pacientes quando necessário Elaborar relatórios de auditoria Garantir que os prestadores de serviços médicos atendam aos requisitos legais Identificar processos de não conformidade Produzir informações para melhorar o sistema de saúde O médico auditor deve identificar-se claramente em todos os seus atos, informando o número de seu registro no Conselho Regional de Medicina. garantir a qualidade e a segurança dos cuidados prestados aos pacientes, além de assegurar a sustentabilidade financeira da instituição  Médico Cardiologista - Realizar consulta com avaliação, diagnóstico, tratamento e acompanhamento de doenças e condições relacionadas ao sistema cardiovascular. No mínimo: Verificação dos dados pessoais do paciente e histórico médico cardiovascular. Coleta de informações atualizadas sobre sintomas atuais como dor no peito, falta de ar, palpitações, histórico familiar de doenças cardíacas, fatores de risco tabagismo, hipertensão, diabetes, colesterol alto, hábitos de vida e uso de medicamentos; Exame Físico: Realização de exame físico completo, incluindo ausculta cardíaca para detectar sopros, ritmos anormais, medição de pressão arterial, avaliação de pulso e circulação periférica, e exame de sinais de insuficiência cardíaca como edema; Exames Complementares: Solicitação e interpretação de exames diagnósticos, como eletrocardiograma ECG, ecocardiograma, teste ergométrico teste de esforço, monitoramento Holter, angiografia coronária, exames de sangue perfil lipídico, enzimas cardíacas e outros exames específicos conforme necessário; Diagnóstico Cardiovascular: Formulação de um diagnóstico preciso com base na anamnese, exame físico e resultados dos exames complementares. Identificação de condições cardíacas como doença arterial coronariana, insuficiências cardíacas, arritmias, hipertensão, valvopatias, entre outras; Plano de Tratamento: Desenvolvimento de um plano de tratamento personalizado, que pode incluir: Prescrição de medicamentos para controlar a pressão arterial, colesterol, arritmias, insuficiência cardíaca e outras condições cardíacas; Orientação sobre procedimentos invasivos, como angioplastia, implantação de stents ou cirurgia de revascularização do miocárdio, quando necessário; Educação e Prevenção: Educação ao paciente sobre a importância de participação ao tratamento, considerar os sintomas de alerta de doenças cardíacas, e adotar medidas preventivas para reduzir o risco de eventos cardiovasculares; Acompanhamento e Monitoramento;  consulta médica in loco nas comunidades, realizada por Especialista em Saúde da Família, compreende o atendimento clínico presencial e itinerante, com abordagem integral do indivíduo, da família e do contexto comunitário, conforme demandas definidas pelo Hospital Municipal. O atendimento engloba a identificação e conferência dos dados do paciente, escuta qualificada das queixas, coleta da história clínica completa anamnese, avaliação de antecedentes pessoais, familiares, sociais e epidemiológicos, aferição e registro dos sinais vitais e realização de exame físico compatível com a demanda apresentada. Inclui a formulação de hipóteses diagnósticas, a solicitação e interpretação de exames complementares quando clinicamente indicados, a prescrição de tratamentos, medicamentos e orientações terapêuticas, o manejo e acompanhamento de condições agudas e crônicas, bem como o encaminhamento do paciente ao Hospital Municipal ou a outros níveis de atenção, sempre que necessário. O atendimento contempla ainda ações de promoção da saúde e prevenção de agravos, assegurando o devido registro em prontuário físico ou eletrônico, em conformidade com as diretrizes do Sistema Único de Saúde - SUS e os protocolos assistenciais vigentes.  Médico Clínico Geral 12h de Sobreaviso- Prestação de serviços médicos na especialidade de Clínica Geral, em regime de sobreaviso noturno e diurno, com carga horária de 12 doze horas, para atendimento às demandas assistenciais, inclusive urgências e intercorrências clínicas, conforme necessidade da unidade de saúde.  Médico Urologista - Prestação de serviços médicos na especialidade de Urologia, compreendendo consultas especializadas, avaliação clínica, diagnóstico, prescrição de tratamento, acompanhamento ambulatorial, atendimento pré e pós-operatório e encaminhamentos quando necessários, conforme demanda da unidade de saúde e protocolos assistenciais vigentes.  Médico cirurgião 12h - Prestação de serviços médicos na especialidade de Cirurgia Geral, com carga horária de 12 doze horas, para realização de atendimentos cirúrgicos e clínicos, incluindo avaliação pré-operatória, execução de procedimentos e cirurgias compatíveis com a especialidade, acompanhamento pós-operatório e atendimento às intercorrências, conforme demanda da unidade de saúde e protocolos assistenciais vigentes.  Médico cirurgião 12h sobreaviso - Prestação de serviços médicos na especialidade de Cirurgia Geral, em regime de sobreaviso noturno e diurno, com carga horária de 12 doze horas, para atendimento às demandas cirúrgicas e assistenciais, incluindo avaliação pré-operatória, realização de procedimentos compatíveis com a especialidade, acompanhamento pós-operatório e atendimento às intercorrências, conforme necessidade da unidade de saúde e protocolos assistenciais vigentes.  ",URGENTE,05/01/2026 08:01,02/01/2026 16:34:17
135415154,18517943,SM/15/2025,,,Coremas,PB,"Credenciamento de pessoas jurídicas de direito privado para a prestação de serviços médicos, médicos especializados, odontológicos, nas unidades do Programa Saúde da Família PSF, CEO, SAMU, Policlínica e em outras unidades de saúde do Município de Coremas-PB. ",URGENTE,05/01/2026 08:01,02/01/2026 16:34:38
135415154,18519205,PE/90731/2025,,"R$ 38.150.230,20",Recife,PE,"* Licitação Eletrônica * Contratação de prestação de serviço técnico especializado, com dedicação exclusiva de mão de obra, de engenharia clínica nos equipamentos médicos hospitalares, laboratoriais e odontológicos com manutenção corretiva e preventiva com substituição de peças e contratação de serviços especializados sob demanda, calibração, teste de segurança elétrica, e apoio ao gerenciamento, visando atender as necessidades dos 06 seis grandes Hospitais da Rede Estadual de Saúde. 1 - Manutenção e Reparo nos componentes de Equipamento - Uso Médico  2 - Manutenção e Reparo nos componentes de Equipamento - Uso Médico  3 - Manutenção e Reparo nos componentes de Equipamento - Uso Médico  4 - Manutenção e Reparo nos componentes de Equipamento - Uso Médico  5 - Manutenção e Reparo nos componentes de Equipamento - Uso Médico  6 - Manutenção e Reparo nos componentes de Equipamento - Uso Médico  ",NORMAL,,02/01/2026 16:34:53
135415154,18519865,PE/90119/2025,,"R$ 347.008,92",Rio de Janeiro,RJ,"* Registro de preços * * Licitação Eletrônica * Contratação de Serviço para Manutenção  preventiva e corretiva do equipamento Gama Câmara Siemens Symbia -  Modelo T16   1 - Manutenção e Reparo em Equipamento - Uso Médico  ",URGENTE,05/01/2026 08:01,02/01/2026 16:35:09
135415154,18519582,SM/7/2025,,"R$ 5.887.500,00",Pau dos Ferros,RN,"CREDENCIAMENTO DE PESSOAS JURÍDICAS CREDENCIAMENTO DE PESSOAS JURÍDICAS EMPRESAS E MICROEMPRESAS PARA PRESTAÇÃO DE SERVIÇOS DE ESPECIALIDADES VINCULADAS AO PROGRAMA DE MELHORIA DO ACESSO E DA ATENÇÃO ESPECIALIZADA PMAE, NO AMBITO DE PAU DOS FERROS/RN. 1 - CARDIOLOGIA, OCI 09.02.01.001-8, AVALIAÇÃO DE RISCO CIRURGICO, PROCEDIMENTOS INCLUSOS: CONSULTA ESPECIALIZADA, ELETROCARDIOGRAMA, RADIOGRAFIA DE TÓRAX,EXAMES LABORATORIAIS PARA RISCO CIRÚRGICO E CONSULTA OU TELECONSULTA DE RETORNO  2 - CARDIOLOGIA, OCI 09.02.01.002-6, AVALIAÇÃO CARDIOLÓGICA. PROCEDIMENTOS INCLUSOS: CONSULTA MÉDICA ESPECIALIZADA, ELETROCARDIOGRAMA,ECOCARDIOGRAMA,RADIOGRAFIA DE TÓRAX, EXAMES LABORATORIAIS ESPECÍFICOS E CONSULTA OU TELECONSULTA DE RETORNO.  3 - CARDIOLOGIA, OCI 09.02.01.003-4, AVALIAÇÃO DIAGNÓSTICA INICIAL - SÍNDROME CORANIANA CRÔNICA. PROCEDIMENTOS INCLUSOS: CONSULTA MÉDICA ESPECIALIZADA, ECOCARDIOGRAMA, TESTE ERGOMÉTRICO, EXAMES LABORATORIAIS ESPECÍFICOS E CONSULTA OU TELECONSULTA DE RETORNO  4 - CARDIOLOGIA 09.02.01.006-9, AVALIAÇÃO DIAGNÓSTICA - INSUFICIÊNCIA CARDÍACA. PROCEDIMENTOS INCLUSOS: CONSULTA MÉDICA ESPECIALIZADA, ECOCARDIOGRAMA, ELETROCARDIOGRAMA, TESTE ERGOMÉTRICO, EXAMES LABORATORIAIS ESPECÍFICOS, MONITORAMENTO PELO SISTEMA HOLTER E CONSULTA OU TELECONSULTA DE RETORNO  5 - ONCOLOGIA OCI 09.01.01.001-4, PROGRESSÃO DA AVALIAÇÃO DIAGNÓSTICA INICIAL DE CANCER DE MAMA, PROCEDIMENTOS INCLUSOS: CONSULTA MÉDICA ESPECIALIZADA, MAMOGRAFIA, ULTRASSONOGRAFIA DE MAMA E CONSULTA OU TELECONSULTA DE RETORNO.  6 - ONCOLOGIA OCI 09.01.01.009-0, PROGRESSÃO DA AVALIAÇÃO DIAGNÓSTICA INICIAL DE CANCER DE MAMA I, PROCEDIMENTOS INCLUSOS: CONSULTA E/OU TELECONSULTA MÉDICA ESPECIALIZADA, BIÓPSIA/EXERESE DE NÓDULO DE MAMA, PUNÇÃO ASPIRATIVA DE MAMA POR AGULHA FINA E CITOPATOLÓGICO DE MAMA OCI.  7 - ONCOLOGIA OCI 09.01.01..010-3, PROGRESSÃO DA AVALIAÇÃO DIAGNÓSTICA INICIAL DE CANCER DE MAMA II, PROCEDIMENTOS INCLUSOS: CONSULTA E/OU TELECONSULTA MÉDICA ESPECIALIZADA, BIÓPSIA/EXERESE DE NÓDULO DE MAMA, PUNÇÃO ASPIRATIVA DE MAMA POR AGULHA GROSSA E EXAME ANATOMOPATOLÓGICO DE MAMA  8 - ONCOLOGIA OCI 09.01.01.004-9, PROGRESSÃO DA AVALIAÇÃO DIAGNÓSTICA DE CÂNCER DE PROSTATA, PROCEDIMENTOS INCLUSOS: CONSULTA MÉDICA ESPECIALIZADA, ULTRASSONOGRAFIA DE PRÓSTATA, BIÓPSIA DE PRÓSTATA VIA TRANSRETAL, ANATOMOPATOLÓGICO E CONSULTA OU TELECONSULTA DE RETORNO.  9 - ORTOPEDIA OCI 09.03.01.001-1, AVALIAÇÃO DIAGNÓSTICA EM ORTOPEDIA COM RECURSOS DE RADIOLOGIA, PROCEDIMENTOS INCLUSOS: CONSULTA MÉDICA ESPECIALIZADA, EXAMES DE RADIOLOGIA, CONSULTA OU TELECONSULTA DE RETORNO.  10 - ORTOPEDIA OCI 09.03.01.002-0, AVALIAÇÃO DIAGNÓSTICA EM ORTOPEDIA COM RECURSOS DE RADIOLOGIA E ULTRASSOGRAFIA, PROCEDIMENTOS INCLUSOS: CONSULTA MÉDICA ESPECIALIZADA, EXAMES DE RADIOLOGIA, EXAMES DE ULTRASSONOGRAFIA E CONSULTA OU TELECONSULTA DE RETORNO.  11 - ORTOPEDIA OCI 09.03.01.003-8, AVALIAÇÃO DIAGNÓSTICA EM ORTOPEDIA COM RECURSOS DE RADIOLOGIA E TOMOGRAFIA COMPUTADORIZADA, PROCEDIMENTOS INCLUSOS: CONSULTA ESPECIALIZADA, EXAMES DE RADIOLOGIA, EXAMES DE TOMOGRAFIA COMPUTADORIZADA E CONSULTA OU TELECONSULTA DE RETORNO.  12 - ORTOPEDIA OCI 09.03.01.004-0, AVALIAÇÃO DIAGNÓSTICA EM ORTOPEDIA COM RECURSOS DE RADIOLOGIA E RESSONÂNCIA MAGNÉTICA E CONSULTA OU TELECONSULTA DE RETORNO.  13 - OTORRINOLARINGOLOGIA OCI 09.04.01.001-5, AVALIAÇÃO DIAGNÓSTICA DE DÉFICIT AUDITIVO, PROCEDIMENTOS INCLUSOS: CONSULTA MÉDICA ESPECIALIZADA, AUDIOMETRIA TONAL E VOCAL E IMITANCIOMETRIA.  14 - OTORRINOLARINGOLOGIA OCI 09.04.01.002-3, AVALIAÇÃO DA AVALIAÇÃO DIAGNÓSTICA DE DÉFICIT AUDITIVO, PROCEDIMENTOS INCLUSOS: CONSULTA MÉDICA ESPECIALIZADA, POTENCIAL EVOCADO AUDITIVO DE CURTA MÉDIA E LONGA LATÊNCIA, AUDIOMETRIA TONAL E VOCAL E IMITANCIOMETRIA.  15 - OTORRINOLARINGOLOGIA OCI 09.04.01.003-1, AVALIAÇÃO DA AVALIAÇÃO DIAGNÓSTICA DE NASOFARINGE E DE OROFARINGE, PROCEDIMENTOS INCLUSOS: CONSULTA MÉDICA ESPECIALIZADA, VIDEOLARINGOSCOPIA E LARINGOSCOPIA.  16 - OFTALMOLOGIA OCI 09.0501.001-9, AVALIAÇÃO INICIAL EM OFTALMOLOGIA - 0 A 8 ANOS, PROCEDIMENTOS INCLUSOS: CONSULTA MÉDICA ESPECIALIZADA, TESTE ÓPTICO E BIOMICROSCOPIA.  17 - OFTALMOLOGIA OCI 09.0501.001-9, AVALIAÇÃO DE RETINOPATIA DIABÉTICA, PROCEDIMENTOS INCLUSOS: CONSULTA MÉDICA ESPECIALIZADA-OFTALMOLÓGICA, TONOMETRIA MAPEAMENTO DE RETINA, RETINOGRAFIA COLORIDA E BIOMICROSCOPIA.  18 - OFTALMOLOGIA OCI 09.05.01.003-5, AVALIAÇÃO INICIAL EM OFTALMOLOGIA A PARTIR DE 9 ANOS, PROCEDIMENTOS INCLUSOS: CONSULTA MÉDICA ESPECIALIZADA-OFTALMOLÓGICA, TONOMETRIA, MAPEAMENTO DE RETINA, TESTE ORTÓPTICO E BIOMICROSCOPIA DE FUNDO DE OLHO.  ",URGENTE,05/01/2026 08:01,02/01/2026 16:35:30
